IMEI	TYPE	MANUFACTURER	MODEL	SOURCE
010928003890233	PHONE	Nokia	6030	https://commons.wikimedia.org/wiki/File:IMEI_number_of_Nokia_6030_20110805.png
012378985264792	PHONE	SERVO	BM111	https://de.aliexpress.com/item/1005007966827648.html
012810000121358	WWAN-MODEM	Sierra Wireless	MC7700	https://www.ebay.de/itm/284817744854
012810000240240	WWAN-MODEM	Sierra Wireless	MC7700	https://www.amazon.de/dp/B08D9HT1K4
012810000392298	WWAN-MODEM	Sierra Wireless	MC7700	https://www.amazon.de/gp/product/B07WPYPZMF
012810001240629	WWAN-MODEM	Sierra Wireless	MC7700	https://www.amazon.de/dp/B08JTGSFBV
013937003271275	WWAN-MODEM	Sierra Wireless	EM7345	https://www.amazon.de/dp/B078W3LXKL
014993003011467	WWAN-ROUTER	Alcatel	HH41NH	https://sincereonetech.com/products/alcatel-linkhub-hh41nh-4g-cpe-wifi-router/
015184001644140	WWAN-MODEM	Fibocom	L850-GL	https://de.aliexpress.com/item/1005009542462940.html
015184001831242	WWAN-MODEM	Fibocom	L850-GL	https://www.ebay.de/itm/133485833900
015184008649688	WWAN-MODEM	Fibocom	L850-GL	https://www.ebay.de/itm/333786927321
015550005763393	WWAN-MODEM	Fibocom	L850-GL	https://www.ebay.de/itm/402562138788
016169005593193	WWAN-MODEM	DPtechnichs	Walter	https://www.youtube.com/watch?v=6QUVzvhEhu4&t=3s
016175000099665	WWAN-MODEM	Fibocom	L850-GL-16	https://www.ebay.de/itm/267571487321
087952364128756	PHONE	SERVO	BM111	https://de.aliexpress.com/item/1005007966827648.html
300001001248429	SATELLITE-PHONE	Iridium	9505	https://www.ebay.de/itm/135259387553
300001001718240	SATELLITE-PHONE	Iridium	9505	https://www.ebay.de/itm/315981302104
300003000021990	SATELLITE-PHONE	Iridium	9522	https://www.ebay.de/itm/234492653459
300006010601060	SATELLITE-MODEM	Iridium	Pilot	https://www.ebay.de/itm/195819147506
300006010601910	SATELLITE-MODEM	Iridium	Pilot	https://www.ebay.de/itm/175888623811
300006010808730	SATELLITE-MODEM	Iridium	Pilot	https://www.ebay.de/itm/195795080262
300008060003350	SATELLITE-MODEM	Iridium	9810 Certus	https://www.iridium.com/products/?fwp_product_type=developer-products
300015010056120	SATELLITE-PHONE	Iridium	9555	https://www.ebay.de/itm/127115538268
300015010111630	SATELLITE-PHONE	Iridium	9555	https://www.ebay.de/itm/127115538268
300015010267310	SATELLITE-PHONE	Iridium	9555	https://www.ebay.de/itm/175322404483
300025010610930	SATELLITE-MODEM	NAL Research Corporation	A3LA-X	https://www.ebay.de/itm/395394208400
300025010728020	SATELLITE-MODEM	Iridium	9522B	https://www.ebay.de/itm/404291448566
300025010801580	SATELLITE-MODEM	NAL Research Corporation	A3LA-X	https://www.ebay.de/itm/376589370446
300026010717360	SATELLITE-PHONE	Sailor	SC4000	https://www.ebay.de/itm/197019790230
300038254007350	SATELLITE-MODEM	Iridium	9810	https://youtu.be/r-J0OmK5XiE?t=23
300058060001070	SATELLITE-MODEM	Iridium	9770 Certus	https://www.iridium.com/products/iridium-certus-9770/
300058060110740	SATELLITE-MODEM	Iridium	9765 Go! exec	https://www.ebay.de/itm/397129101173
300108010119840	SATELLITE-MODEM	Iridium	Pilot	https://www.ebay.de/itm/364268032876
300114040711960	SATELLITE-PHONE	Iridium	9505A	https://www.ebay.de/itm/357007351984
300115010473190	SATELLITE-PHONE	Iridium	9555	https://www.ebay.de/itm/395969900908
300115010495720	SATELLITE-PHONE	Iridium	9555	https://www.ebay.de/itm/306500766647
300124000016120	SATELLITE-MODEM	Iridium	9522A	https://www.ebay.de/itm/235007722671
300124010007380	SATELLITE-MODEM	Beam	RTS200	https://www.ebay.de/itm/187304596853
300125010906970	SATELLITE-MODEM	NAL Research Corporation	A3LA-R	https://www.ebay.de/itm/395222340254
300125060153250	SATELLITE-MODEM	Iridium	9523 Core	https://www.iridium.com/products/iridium-core-9523/
300125062243330	SATELLITE-MODEM	Iridium	9523N	https://www.groundcontrol.com/en/product/iridium-9523n/
300215010402790	SATELLITE-PHONE	Iridium	9575	https://youtu.be/fSaYHVF0x_8?t=3
300215010869140	SATELLITE-PHONE	Iridium	9575	https://www.ebay.de/itm/297596232958
300215050153250	SATELLITE-MODEM	Iridium	9603	https://youtu.be/r-J0OmK5XiE?t=23
300224010340680	SATELLITE-MODEM	NAL Research Corporation	A3LA-D	https://www.ebay.de/itm/127469283070
300224010511620	SATELLITE-MODEM	Iridium	9022D	https://www.ebay.de/itm/116909867824
300224810809440	SATELLITE-MODEM	Iridium	9522A	https://www.ebay.de/itm/234492653459
300234010361880	SATELLITE-MODEM	Iridium	9602B	https://www.ebay.de/itm/226998522971
300234063678090	SATELLITE-MODEM	Sparkfun	RockBLOCK 9340	https://www.youtube.com/watch?v=NOJ_VtSikAA&t=8s
300234063797650	SATELLITE-MODEM	Iridium	9602	https://www.iridium.com/products/iridium-9602-module
300234065790910	SATELLITE-MODEM	Sparkfun	RockBLOCK9602	https://youtu.be/ym4-ZckfXg4?t=64
300234067077890	SATELLITE-MODEM	Iridium	9602	https://de.aliexpress.com/item/1005009386401802.html
300258060000170	SATELLITE-MODEM	Iridium	Certus 9704 Developer Kit	https://www.iridium.com/products/certus-9704-satellite-iot-development-kit/
300258060004030	SATELLITE-MODEM	Iridium	Certus 9704 Module	https://www.iridium.com/products/iridium-certus-9704-module
300275030001140	SATELLITE-MODEM	Iridium	9604 Module	https://www.cnx-software.com/2026/02/25/iridium-9604-3-in-1-iot-module-integrates-iridium-sbd-satellite-service-lte-m-cellular-connectivity-and-gnss-positioning/
300315010408030	SATELLITE-PHONE	Iridium	9575 PTT	https://www.ebay.de/itm/406199786461
300315060109050	SATELLITE-PHONE	Iridium	9575 PTT	https://youtu.be/Ed2fk325Vb0
300325656863979	SATELLITE-MODEM	Iridium	9560 Go!	https://youtu.be/bwg4rAZdx9M?t=49
300434010003279	SATELLITE-MODEM	Iridium	9603	https://m-cramer.shop/dokumente/Iridium-9603-N-Developers-Guide-v2-1.pdf
300434051995630	SATELLITE-MODEM	Iridium	9603	https://www.iridium.com/developer-resources/#devres-terminals
300434061995630	SATELLITE-MODEM	Iriridum	9603A1	https://www.iridium.com/products/iridium-9603-module#product-specifications
300434063064170	SATELLITE-MODEM	Iriridum	9603N Core	https://www.iridium.com/products/16130-mini-pcie-adapter/
300434063206770	SATELLITE-MODEM	Sparkfun	RockBLOCK 9603	https://youtu.be/ym4-ZckfXg4?t=64
300434063273340	SATELLITE-MODEM	Iridium	9603	https://www.ebay.de/itm/334728381281
300434064218220	SATELLITE-MODEM	Iridium	9603	https://www.ebay.de/itm/404537417609
300434065956550	SATELLITE-MODEM	Iridium	9603	https://www.youtube.com/watch?v=u2vDePRDPEE&t=64s
300434067941990	SATELLITE-MODEM	Sparkfun	RockBlock9603	https://www.ebay.de/itm/396890434804
300434067943980	SATELLITE-MODEM	Soarkfun	RockBLOCK 9603	https://www.ebay.de/itm/396890434804
300434068348750	SATELLITE-MODEM	Sparkfun	RockBLOCK 9603	https://www.groundcontrol.com/en/product/rockblock-9603-compact-plug-and-play-satellite-transmitter/
300534064315160	SATELLITE-MODEM	Sparkfun	RockBLOCK 9602 (Mk 2)	https://www.groundcontrol.com/en/product/rockblock-9602-satellite-modem/
309215010000050	SATELLITE-MODEM	Iridum	9523	https://m-cramer.shop/de/modems-terminals/iridium-66/iridium-9523-kern.html
345231234541122	WWAN-MODEM	Quectel	EC20	https://www.mhzshop.com/shop/3G-4G-5G/Carte-3G-4G-LoRa/Carte-Mini-PCIe-4G-LTE-Quectel-4G-LTE-Express-EC20-E.html
349324080068712	WWAN-MODEM	Fibocom	L850-GL	https://www.amazon.de/dp/B07YB7ZVKT
350390011590776	HANDHELD	Gizmondo	GZ-1 Smart Adds	https://youtu.be/dv6UaHZxUys?t=28
350654412225286	PHONE	Apple	iPhone 14	https://www.youtube.com/watch?v=Vk1CyqcIGsE&t=30s
350654412255796	PHONE	Apple	iPhone 14	https://www.youtube.com/watch?v=Vk1CyqcIGsE&t=30s
350666871546034	PHONE	Apple	iPhone 14 Pro	https://www.youtube.com/watch?v=K2WhU77ihw8&t=50s
350712860013230	WWAM-MODEM	Iridium	9604 Module	https://www.cnx-software.com/2026/02/25/iridium-9604-3-in-1-iot-module-integrates-iridium-sbd-satellite-service-lte-m-cellular-connectivity-and-gnss-positioning/
352280110013838	WWAN-MODEM	Dell	DW5930e-eSIM	https://de.aliexpress.com/item/1005003821626657.html
352373017385212	PHONE	UNIWA	E1808	https://de.aliexpress.com/item/1005010675544365.html
352373017385213	PHONE	UNIWA	E1808	https://de.aliexpress.com/item/1005010675544365.html
352373017385214	PHONE	UNIWA	E1808	https://de.aliexpress.com/item/1005010675544365.html
352375017184342	WWAN-MODEM	Option	GTM378	https://www.ebay.de/itm/332175570405
352733103912341	WWAN-MODEM	Sierra Wireless	EM7455	https://www.ebay.de/itm/134422142821
353056113817956	PHONE	Apple	iPhone 12	https://www.youtube.com/watch?v=FY7DtKMBxBw&t=121s
353056113986108	PHONE	Apple	iPhone 12	https://www.youtube.com/watch?v=FY7DtKMBxBw&t=121s
353098074215804	WWAN-MODEM	Huawei	K5160	https://sincereonetech.com/products/nice-huawei-k5160-4g-usb-modem-dongle/
353274021874551	PHONE	Motorola	W270	https://www.ebay.de/itm/276000638978
353514352825403	PHONE	Apple	iPhone 14	https://www.youtube.com/watch?v=Vk1CyqcIGsE&t=50s
353514352962685	PHONE	Apple	iPhone 14	https://www.youtube.com/watch?v=Vk1CyqcIGsE&t=50s
353655377153716	PHONE	Apple	iPhone 14 Pro	https://www.youtube.com/watch?v=K2WhU77ihw8&t=27s
353655974855187	PHONE	Apple	iPhone 14 Pro	https://www.youtube.com/watch?v=K2WhU77ihw8&t=50s
353843103935694	PHONE	Apple	iPhone 11 Pro	https://www.youtube.com/watch?v=UXf791fUsP4&t=318s
353990073207933	WWAN-MODEM	Sierra Wireless	EM7455	www.ebay.de/itm/135157375170
354078075177475	TABLET	Panasonic	Touchpad FZ-M1	https://www.ebay.de/itm/275274262125
354143027243070	WWAN-MODEM	Ericsson	F3507g	https://www.ebay.de/itm/372217892205
354153049046625	WWAN-MODEM	Option	GTM671W	https://www.newegg.com/p/2S7-07JP-26601
354324070030578	WWAN-MODEM	Sierra Wireless	EM7455	https://www.amazon.de/dp/B0783N98MR
354480080368455	WWAN-MODEM	Sierra Wireless	EM7455	https://www.amazon.de/dp/B07PG1KV67
354997083122530	PHONE	Zanco	tiny t1	https://www.ebay.de/itm/126567070910
355002082419083	PHONE	XGODY	X36	https://de.aliexpress.com/item/1005009668172546.html
355002082419091	PHONE	XGODY	X36	https://de.aliexpress.com/item/1005009668172546.html
355087093328746	PHONE	Lychee	6588	https://www.amazon.de/dp/B08CZS3PXJ
355087093378998	PHONE	Lychee	6588	https://www.amazon.de/dp/B08CZS3PXJ
355096040945726	WWAN-MODEM	Sierra Wireless	MC8305	https://www.ebay.de/itm/325676915734
355191009634435	PHONE	MKTel	M14	https://de.aliexpress.com/item/1005009757828733.html
355191009634443	PHONE	MKTel	M14	https://de.aliexpress.com/item/1005009757828733.html
355191009634450	PHONE	MKTel	M14	https://de.aliexpress.com/item/1005009757828733.html
355191009634468	PHONE	MKTel	M14	https://de.aliexpress.com/item/1005009757828733.html
355201007538783	WWAN-ROUTER	O2	Surf@Home II	https://en.wikipedia.org/wiki/MAC_address#/media/File:UMTS_Router_Surf@home_II,_o2-0017.jpg
355298100001669	WWAN-MODEM	Sierra Wireless	WP7607	https://www.amazon.de/dp/B085Y6T792
355562016169568	PHONE	Motorola	V3xx	https://youtu.be/PmGP86bmAnE?t=21
355569041125217	WWAN-MODEM	Sierra Wireless	MC8355	https://www.amazon.de/dp/B0759ZM93T
355606052083057	WWAN-MODEM	Sierra Wireless	EM8805	https://www.amazon.de/dp/B07WRQK3GB
355690367865921	WWAN-MODEM	Sierra Wireless	EM9191	https://www.ebay.de/itm/326557137169
355817980009573	WWAN-MODEM	SIMPoY	SP-N150C4	https://www.amazon.de/dp/B0B49SP1PV
355856028196091	WWAN-MODEM	Huawei	E160E	https://www.ebay.de/itm/264766706313
356195050441698	WWAN-MODEM	Sierra Wireless	MC7355	https://www.amazon.de/dp/B00XLAWR3E
356287000424895	PHONE	-	Fake iPhone 13 Pro Max	https://www.youtube.com/watch?v=jIQ10qSTZX8&t=31s
356287000424896	PHONE	-	Fake iPhone 13 Pro Max	https://www.youtube.com/watch?v=jIQ10qSTZX8&t=31s
356450050132197	WWAN-MODEM	Sierra Wireless	EM7355	https://www.amazon.de/gp/product/B07G73J88D
356581070017750	WWAN-MODEM	Huawei	ME906s-158	https://www.amazon.de/dp/B09NCYF9Y7
356581070046130	WWAN-MODEM	Huawei	ME906s-158	https://www.ebay.de/itm/163799706144
356581071940554	WWAN-MODEM	Huawei	ME906s-158	https://www.amazon.de/dp/B08JPNVMPG
356640116975759	WWAN-ROUTER	Orbic	RC400L	https://sincereonetech.com/products/verizon-rc400l-orbic-4g-mobile-hotspot/
357409038018182	PHONE	Simvalley	PW-315.touch	https://derstandard.at/1360161329508/PW-315touch-im-Test-Eine-Handy-Uhr-als-Smartwatch-Alternative
357511107043098	PHONE	ANØM	Phone	https://youtu.be/eeN5ao43L-4?t=5
357611107043080	PHONE	ANØM	Phone	https://youtu.be/eeN5ao43L-4?t=5
357621098690670	WWAN-ROUTER	4GUKO	LT210F	https://sincereonetech.com/products/lte-band-cpe-router-lt210f-4g-wifi/
357932010004482	SATELLITE-MODEM	Thuraya	9103 IP	https://www.ebay.de/itm/155680404369
357943035089390	WWAN-MODEM	Huawei	E160	https://www.ebay.de/itm/114743211215
358108025961243	WWAN-MODEM	Huawei	E172	https://www.ebay.de/itm/271806913225
358291091492333	WWAN-MODEM	Foxconn	T77W968.03	https://de.aliexpress.com/item/1005005549588038.html
359079072468135	WWAN-ROUTER	Netgear	LB2110	https://www.amazon.de/dp/B07915QQBX
359235100003952	WWAN-MODEM	Dell	DW5821e-eSIM	https://de.aliexpress.com/item/1005003091356700.html
359235100948081	WWAN-MODEM	Dell	DW5821e-eSIM	https://www.amazon.de/dp/B0CHJTX56B
359337050342701	WWAN-MODEM	Telit	LN930-AP	https://www.amazon.de/dp/B07D6FYWM7
359645050208948	PHONE	Jolla	Jolla Phone	https://www.youtube.com/watch?v=HzCMKbhK-EY&t=109s
359656971574912	PHONE	Apple	iPhone 14 Pro	https://www.youtube.com/watch?v=K2WhU77ihw8&t=27s
399234011965070	SATELLITE-MODEM	Iridium	9602E	http://www.ebay.de/itm/365591185900
442883406964780	PHONE	Motorola	MicroTAC International 7200	https://www.ebay.de/itm/296946378761
860461020018696	WWAN-MODEM	Huawei	ME909u-521	https://www.amazon.de/dp/B00NPX09QY
860558030003467	WWAN-MODEM	Fibocom	H830-GL	https://www.conrad.de/de/p/hp-hs3210-drahtloses-mobilfunkmodem-3g-m-2-card-801294499.html
860719025598305	WWAN-MODEM	SIMcom	S2-105HE-Z141B	https://www.amazon.de/dp/B081JPP3TD
861158061798181	PHONE	EAST LINE	ECG-912B	https://www.alibaba.com/product-detail/Cordless-phone-with-4G-SIM-card_10000014943789.html
861158061798447	PHONE	EAST LINE	ECG-912B	https://www.alibaba.com/product-detail/Cordless-phone-with-4G-SIM-card_10000014943789.html
861158062381078	PHONE	Broadsis	LS918D	https://www.alibaba.com/product-detail/Sim-Card-4G-Fixed-Wireless-Desktop_1601241549131.html
861158062383074	PHONE	Broadsis	LS918D	https://www.alibaba.com/product-detail/Sim-Card-4G-Fixed-Wireless-Desktop_1601241549131.html
861785055083152	WWAN-ROUTER	SincereOne	D311-R	https://sincereonetech.com/products/cheap-oem-d311-r-4g-cpe-router/
862146050188382	WWAN-MODEM	Fibocom	FM350-GL	https://de.aliexpress.com/item/1005006524582245.html
862295951149773	WWAN-MODEM	SIMCom	A7670E	https://www.amazon.de/dp/B097K14K18
862475070240958	WWAN-Router	ZTE	U50	https://www.ebay.de/itm/187914354555
862506045677153	WWAN-ROUTER	Tenda	4G06	https://www.ebay.de/itm/364569931873
862636050022076	WWAN-MODEM	SIMcom	SIM7600G	https://www.amazon.de/dp/B091PXGBXY
862636952721741	WWAN-MODEM	SIMcom	SIM7699G-H	https://www.youtube.com/watch?v=iWWWyG5ZwG8&t=161s
862884070533744	WWAN-MODEM	karbor	D926	https://www.amazon.de/dp/B0FDPX39B8
862953064398438	WWAN-ROUTER	HUAWEI	B535-932a	https://sincereonetech.com/products/huawei-b535-932a-4g-router-3-pro-b535/
863043080752039	WWAN-MODEM	FIGNO	M47G	https://www.alibaba.com/product-detail/Portable-High-Speed-4G-Esim-Router_1601694212632.html
863212030054826	WWAN-MODEM	Fibocom	L850-GL	https://www.ebay.de/itm/274646058252
863460040382535	PHONE	Inrico	S200	https://www.ebay.de/itm/124654870170
863460040382543	PHONE	Inrico	S200	https://www.ebay.de/itm/124654870170
863553068437932	WWAROUTER	Teda	4G06	https://www.ebay.de/itm/137172502346
864172045479278	WWAN-MODEM	Huawei	ME909s-120	https://www.ebay.de/itm/401544571863
864346020006575	WWAN-MODEM	Huawei	E3372s-153	https://sincereonetech.com/products/new-huawei-e3372s-153-4g-usb-stick/
864593056535114	WWAN-MODEM	Quectel	GB95-M3	https://www.youtube.com/watch?v=6QUVzvhEhu4&t=517s
864594054149393	PHONE	DOOV	R77	https://de.aliexpress.com/item/1005008346975216.html
864594054149401	PHONE	DOOV	R77	https://de.aliexpress.com/item/1005008346975216.html
864694053991712	PHONE	DOOV	R77 Pro	https://de.aliexpress.com/item/1005008784024953.html
864694053991720	PHONE	DOOV	R77 Pro	https://de.aliexpress.com/item/1005008784024953.html
865095070031459	PHONE	Nubia Technology	NX789J	https://www.youtube.com/watch?v=KHg1IhOm2zE&t=73s
865095070033455	PHONE	Nubia Technology	NX789J	https://www.youtube.com/watch?v=KHg1IhOm2zE&t=73s
865144050307164	WWAN-ROUTER	China Unicom	5G VN007+	https://www.ebay.de/itm/314824552443
865234030176928	WWAN-MODEM	SIMcom	SIM7000E	https://www.amazon.de/dp/B07DL9GFM1
865845063149195	WWAN-ROUTER	Huawei	B435-232a	https://sincereonetech.com/products/huawei-b535-232a-4g-cat7-wifi-router/
866207150748170	PHONE	SOYES	XS13	https://www.youtube.com/watch?v=CfOEeydN4x0&t=101s
866207150748188	PHONE	SOYES	XS13	https://www.youtube.com/watch?v=CfOEeydN4x0&t=101s
866207152015438	PHONE	SERVO	KING 9000	https://www.ebay.de/itm/315162337329
866207152015446	PHONE	SERVO	KING 9000	https://www.ebay.de/itm/315162337329
866442043681029	WWAN-ROUTER	MUAMA	Ryoko	https://youtu.be/mYly1irRrBE?t=724
866519012132934	WWAN-MODEM	Huwaei	E32776s-500	https://sincereonetech.com/products/nice-huawei-e3276s-500-4g-lte-modem/
866680040260129	WWAN-MODEM	Quectel	EM06-E	https://www.amazon.de/dp/B089F1PW1Z
866760060296052	WWAN-ROUTER	ZLT	X25 PRO	https://sincereonetech.com/products/5g-router-zlt-x25-pro-dual-band/
867160023375037	WWAN-MODEM	Huawei	ME906s-158	https://www.ebay.de/itm/224311289871
867377020318808	WWAN-MODEM	Huawei	ME909s-120	https://www.ebay.de/itm/184655427190
867377020457937	WWAN-MODEM	Huawei	ME909s-120	https://www.ebay.de/itm/254407050143
867377021080654	WWAN-MODEM	Huawei	ME909s-120	https://www.ebay.de/itm/224238363553
867377024230587	WWAN-MODEM	Huawei	ME909s-120	https://www.ebay.de/itm/324423058011
867377024231478	WWAN-MODEM	Huawei	ME909s-120	https://www.ebay.de/itm/324423058011
867377024232500	WWAN-MODEM	Huawei	ME909s-120	https://www.ebay.de/itm/324423058011
867377028121774	WWAN-MODEM	Huawei	ME909s-120	https://www.ebay.de/itm/133147749807
867603020000207	WWAN-MODEM	Fibocom	L850-GL	https://www.ebay.de/itm/353411699483
867698042520893	WWAN-MODEM	Quectel	EG25-G	https://esim.plus/product/esim-dongle/
867857032911864	WWAN-MODEM	SIMcom	SIM868	https://www.berrybase.de/sim868-gsm/gprs/gnss-modul-fuer-raspberry-pi-pico
868333031634195	WWAN-MODEM	SIMcom	SIM7020E	https://www.berrybase.de/sim7020e-nb-iot-modul-fuer-raspberry-pi-pico
868368040002066	WWAN-MODEM	Huawei	Me909s-120p V2	https://www.ebay.de/itm/154848198990
868426041653000	WWAN-Router	Huawei	B628-265	https://www.amazon.de/dp/B08LD4ZLGK
868822041526128	WWAN-MODEM	SIMcom	SIM7600G	https://www.amazon.de/dp/B09LV1VY4S
868916040109470	WWAN-MODEM	ZTE	MF79U	https://sincereonetech.com/products/zte-mf79u-4g-wingle-cat-usb-wifimodem/
868998062513151	WWAN-MODEM	ZTE	MF79U	https://sincereonetech.com/products/zte-mf79u-4g-wingle-cat-usb-wifimodem/
869035030247650	WWAN-ROUTER	-unknown-	-unknown-	https://www.amazon.de/dp/B0921TNNVG
869035030416347	WWAN-ROUTER	-unknown-	-unknown-	https://www.amazon.de/dp/B0921TNNVG
869101051710164	BICYCLE	Reevo	EU Version	https://www.youtube.com/watch?v=LKP3IB-cTcE&t=799s
869383052845104	WWAN-MODEM	SincereTech	Wingle UF10	https://sincereonetech.com/products/oem-4g-lte-usb-wingle-uf10-usb-modem/
869798055711641	WWAN-ROUTER	Simvalley	WiFi mini JM01N	https://www.amazon.de/dp/B0BX6CTZ56
869887030131098	PHONE	Inrico	TM-7Plus	https://www.amazon.de/dp/B08354JTH3
869887030131106	PHONE	Inrico	TM-7Plus	https://www.amazon.de/dp/B08354JTH3
990008890634897	WWAN-ROUTER	ZTE	MF279	https://sincereonetech.com/products/smart-home-hub-zte-mf279-4g-router-att/
